<?xml version="1.0" encoding="UTF-8"?>
<includes> <!-- Easy/SC* -->
	<include name="WidgetGroupListCommon">
		<orientation>vertical</orientation>
		<height>100%</height>
		<scrolltime tween="cubic" easing="out">500</scrolltime>
		<itemgap>-160</itemgap>
		<onup>20000</onup>
		<ondown>20001</ondown>
		<usecontrolcoords>true</usecontrolcoords>
	</include>
	<include name="CategoryLabel">  <!-- Easy/SC* Full change of original code -->
		<param name="visible">true</param>
		<param name="info">false</param>
		<param name="always">false</param>
		<param name="param">false</param>
		<param name="default">false</param>
		<param name="episode">false</param>
		<param name="stream-cinema">false</param>
		<param name="nobold">false</param>
		<param name="channel">false</param>
		<param name="record">false</param>
		<definition>
			<control type="grouplist" id="$PARAM[list_id]666">
				<left>55</left>
				<top>80</top>
				<right>0</right>
				<height>90</height>
				<orientation>horizontal</orientation>
				<usecontrolcoords>true</usecontrolcoords>
				<shadowcolor>text_shadow</shadowcolor>
				<visible>$PARAM[visible] + [Integer.IsGreater(Container($PARAM[list_id]).NumItems,0) | Container($PARAM[list_id]).IsUpdating]</visible>
				<control type="label">
					<width>auto</width>
					<label>$PARAM[label]</label>
					<shadowcolor>text_shadow</shadowcolor>
				</control>
				<control type="label">
					<width>auto</width>
					<label>$PARAM[title]</label>
					<shadowcolor>text_shadow</shadowcolor>
					<visible>$PARAM[param] + Control.HasFocus($PARAM[list_id]) + Integer.IsGreater(Container($PARAM[list_id]).NumItems,0) + $PARAM[info] + [$PARAM[always] | Skin.HasSetting(show_fullwidget) | !Skin.HasSetting(show_info) | Skin.HasSetting(show_always)]</visible>
				</control>
				<control type="label">
					<width>auto</width>
					<label>$INFO[Container($PARAM[list_id]).ListItem.Title,: [B],[/B]]$INFO[Container($PARAM[list_id]).ListItem.Year, [B](,)[/B]]$INFO[Container($PARAM[list_id]).ListItem.Genre, - [COLOR button_focus],[/COLOR]]</label>
					<visible>$PARAM[default] + !$PARAM[stream-cinema] + Control.HasFocus($PARAM[list_id]) + Integer.IsGreater(Container($PARAM[list_id]).NumItems,0) + $PARAM[info] + [$PARAM[always] | Skin.HasSetting(show_fullwidget) | !Skin.HasSetting(show_info) | Skin.HasSetting(show_always)]</visible>
				</control>
				<control type="label">
					<width>auto</width>
					<label>$INFO[Container($PARAM[list_id]).ListItem.Title,: [B],[/B]]$INFO[Container($PARAM[list_id]).ListItem.Genre, - [COLOR button_focus],[/COLOR]]</label>
					<visible>$PARAM[default] + $PARAM[stream-cinema] + !$PARAM[nobold] + Control.HasFocus($PARAM[list_id]) + Integer.IsGreater(Container($PARAM[list_id]).NumItems,0) + $PARAM[info] + [$PARAM[always] | Skin.HasSetting(show_fullwidget) | !Skin.HasSetting(show_info) | Skin.HasSetting(show_always)]</visible>
				</control>
				<control type="label">
					<width>auto</width>
					<label>$INFO[Container($PARAM[list_id]).ListItem.Title,: ]$INFO[Container($PARAM[list_id]).ListItem.Genre, - [COLOR button_focus],[/COLOR]]</label>
					<visible>$PARAM[default] + $PARAM[stream-cinema] + $PARAM[nobold] + Control.HasFocus($PARAM[list_id]) + Integer.IsGreater(Container($PARAM[list_id]).NumItems,0) + $PARAM[info] + [$PARAM[always] | Skin.HasSetting(show_fullwidget) | !Skin.HasSetting(show_info) | Skin.HasSetting(show_always)]</visible>
				</control>
				<control type="label">
					<width>auto</width>
					<label>$INFO[Container($PARAM[list_id]).ListItem.TVShowTitle,: [B],[/B]]$INFO[Container($PARAM[list_id]).ListItem.Year, [B](,)[/B]]$INFO[Container($PARAM[list_id]).ListItem.Label, ,]$INFO[Container($PARAM[list_id]).ListItem.Genre, - [COLOR button_focus],[/COLOR]]</label>
					<shadowcolor>text_shadow</shadowcolor>
                    <visible>$PARAM[episode] + !$PARAM[stream-cinema] + Control.HasFocus($PARAM[list_id]) + Integer.IsGreater(Container($PARAM[list_id]).NumItems,0) + $PARAM[info] + [$PARAM[always] | Skin.HasSetting(show_fullwidget) | !Skin.HasSetting(show_info) | Skin.HasSetting(show_always)]</visible>
				</control>
				<control type="label">
					<width>auto</width>
					<label>$INFO[Container($PARAM[list_id]).ListItem.TVShowTitle,: [B],[/B]]$INFO[Container($PARAM[list_id]).ListItem.Label, ,]$INFO[Container($PARAM[list_id]).ListItem.Genre, - [COLOR button_focus],[/COLOR]]</label>
					<shadowcolor>text_shadow</shadowcolor>
                    <visible>$PARAM[episode] + $PARAM[stream-cinema] + Control.HasFocus($PARAM[list_id]) + Integer.IsGreater(Container($PARAM[list_id]).NumItems,0) + $PARAM[info] + [$PARAM[always] | Skin.HasSetting(show_fullwidget) | !Skin.HasSetting(show_info) | Skin.HasSetting(show_always)]</visible>
				</control>
			</control>
		</definition>
	</include>
	<include name="PVRWidget">
		<control type="image">
			<top>80</top>
			<left>16</left>
			<width>670</width>
			<height>225</height>
			<texture border="21">dialogs/dialog-bg.png</texture>
		</control>
		<control type="image">
			<left>55</left>
			<top>122</top>
			<width>140</width>
			<height>140</height>
			<aspectratio>keep</aspectratio>
			<texture background="true" fallback="DefaultVideo.png">$PARAM[icon]</texture>
		</control>
		<control type="label">
			<left>225</left>
			<top>127</top>
			<height>25</height>
			<width>420</width>
			<label>$PARAM[header]</label>
			<aligny>center</aligny>
			<font>font36_title</font>
			<shadowcolor>black</shadowcolor>
		</control>
		<control type="label">
			<left>225</left>
			<top>172</top>
			<height>105</height>
			<width>420</width>
			<label>$PARAM[label1][CR]$PARAM[label2]</label>
			<font>font12</font>
			<shadowcolor>black</shadowcolor>
		</control>
	</include>
	<include name="WidgetListPoster"> <!-- Easy/SC* -->
		<param name="item_limit">$INFO[Skin.String(widget_limit)]</param> <!-- Easy/SC+ -->
        <param name="stream-cinema">false</param> <!-- Easy/SC+ -->
        <param name="nobold">false</param> <!-- Easy/SC+ -->
        <param name="param">false</param> <!-- Easy/SC+ -->
		<definition>
			<include content="CategoryLabel">
				<param name="label">$PARAM[widget_header]</param>
				<param name="list_id" value="$PARAM[list_id]"/>
                <param name="info">true</param> <!-- Easy/SC+ -->
                <param name="default">!$PARAM[param]</param> <!-- Easy/SC+ -->
				<param name="stream-cinema">$PARAM[stream-cinema]</param> <!-- Easy/SC+ -->
				<param name="nobold">$PARAM[nobold]</param> <!-- Easy/SC+ -->
				<param name="param">$PARAM[param]</param> <!-- Easy/SC+ -->
				<param name="title">$PARAM[title]</param> <!-- Easy/SC+ -->
			</include>
			<include content="BusyListSpinner">
				<param name="list_id" value="$PARAM[list_id]"/>
				<param name="posy" value="250"/>
			</include>
			<control type="panel" id="$PARAM[list_id]">
				<left>0</left>
				<top>115</top>
				<visible>Integer.IsGreater(Container($PARAM[list_id]).NumItems,0) | Container($PARAM[list_id]).IsUpdating</visible>
				<right>0</right>
				<height>503</height>
				<include content="WidgetListCommon">
					<param name="list_id" value="$PARAM[list_id]"/>
				</include>
				<itemlayout width="310" height="486">
					<control type="group">
						<left>68</left>
						<top>10</top>
						<include content="InfoWallMovieLayout">
							<param name="focused" value="false" />
						</include>
					</control>
				</itemlayout>
				<focusedlayout width="310" height="486">
					<control type="group">
						<depth>DepthContentPopout</depth>
						<left>68</left>
						<top>10</top>
						<animation type="Focus">
							<effect type="zoom" start="100" end="110" time="200" tween="sine" easing="inout" center="230,130" />
						</animation>
						<animation type="Unfocus">
							<effect type="zoom" start="110" end="100" time="200" tween="sine" easing="inout" center="230,130" />
						</animation>
						<include content="InfoWallMovieLayout">
							<param name="focused" value="true" />
						</include>
					</control>
				</focusedlayout>
				<content sortby="$PARAM[sortby]" sortorder="$PARAM[sortorder]" target="$PARAM[widget_target]" limit="$PARAM[item_limit]">$PARAM[content_path]</content> <!-- Easy/SC* -->
			</control>
		</definition>
	</include>
	<include name="WidgetWallPoster"> <!-- Easy/SC+ from original WidgetListPoster -->
		<param name="item_limit">$INFO[Skin.String(widget_limit)]</param> <!-- Easy/SC+ -->
        <param name="stream-cinema">false</param> <!-- Easy/SC+ -->
        <param name="nobold">false</param> <!-- Easy/SC+ -->
		<definition>
			<include content="CategoryLabel">
				<param name="label">$PARAM[widget_header]</param>
				<param name="list_id" value="$PARAM[list_id]"/>
                <param name="info">true</param> <!-- Easy/SC+ -->
                <param name="default">true</param> <!-- Easy/SC+ -->
				<param name="stream-cinema">$PARAM[stream-cinema]</param> <!-- Easy/SC+ -->
				<param name="nobold">$PARAM[nobold]</param> <!-- Easy/SC+ -->
			</include>
			<include content="BusyListSpinner">
				<param name="list_id" value="$PARAM[list_id]"/>
				<param name="posy" value="250"/>
			</include>
			<control type="panel" id="$PARAM[list_id]">
				<left>0</left>
				<top>115</top>
				<right>0</right>
				<height>1000</height>
				<include content="WidgetWallCommon">
					<param name="list_id" value="$PARAM[list_id]"/>
				</include>
				<visible>Integer.IsGreater(Container($PARAM[list_id]).NumItems,0) | Container($PARAM[list_id]).IsUpdating</visible>
				<itemlayout width="310" height="430">
					<visible>!String.IsEqual(Container($PARAM[list_id]).ListItem.Title,next)</visible>
					<control type="group">
						<left>68</left>
						<top>10</top>
						<include content="InfoWallMovieLayout">
							<param name="focused" value="false" />
						</include>
					</control>
				</itemlayout>
				<focusedlayout width="310" height="430">
					<visible>!String.IsEqual(Container($PARAM[list_id]).ListItem.Title,next)</visible>
					<control type="group">
						<depth>DepthContentPopout</depth>
						<left>68</left>
						<top>10</top>
						<animation type="Focus">
							<effect type="zoom" start="100" end="110" time="200" tween="sine" easing="inout" center="230,130" />
						</animation>
						<animation type="Unfocus">
							<effect type="zoom" start="110" end="100" time="200" tween="sine" easing="inout" center="230,130" />
						</animation>
						<include content="InfoWallMovieLayout">
							<param name="focused" value="true" />
						</include>
					</control>
				</focusedlayout>
				<content sortby="$PARAM[sortby]" sortorder="$PARAM[sortorder]" target="$PARAM[widget_target]" limit="$PARAM[item_limit]">$PARAM[content_path]</content>
			</control>
		</definition>
	</include>
	<include name="ImageWidget">
		<param name="visible">true</param>
		<param name="visible_1">true</param>
		<param name="visible_2">true</param>
		<param name="button2_label">$LOCALIZE[31116]</param>
		<param name="button2_onclick">true</param>
		<definition>
			<control type="group" id="$PARAM[button_id]889">
				<visible>$PARAM[visible]</visible>
				<control type="grouplist" id="$PARAM[button_id]577">
					<orientation>vertical</orientation>
					<top>0</top>
					<bottom>0</bottom>
					<left>50</left>
					<right>50</right>
					<align>center</align>
					<control type="textbox">
						<width>100%</width>
						<height min="0" max="300">auto</height>
						<label>$PARAM[text_label]</label>
						<align>center</align>
						<font>font14</font>
					</control>
					<control type="grouplist" id="$PARAM[button_id]567">
						<width>100%</width>
						<onup>9000</onup>
						<ondown>9000</ondown>
						<orientation>horizontal</orientation>
						<align>center</align>
						<onleft>9000</onleft>
						<control type="button" id="$PARAM[button_id]">
							<width>auto</width>
							<height>110</height>
							<label>$PARAM[button_label]</label>
							<textoffsetx>40</textoffsetx>
							<onclick>$PARAM[button_onclick]</onclick>
							<align>center</align>
							<texturefocus border="23" colordiffuse="button_focus">buttons/dialogbutton-fo.png</texturefocus>
							<texturenofocus border="40">buttons/dialogbutton-nofo.png</texturenofocus>
							<visible>$PARAM[visible_1]</visible>
						</control>
						<control type="button" id="$PARAM[button_id]568">
							<width>auto</width>
							<height>110</height>
							<label>$PARAM[button2_label]</label>
							<textoffsetx>40</textoffsetx>
							<onclick>$PARAM[button2_onclick]</onclick>
							<onclick>SetFocus(9000)</onclick>
							<align>center</align>
							<texturefocus border="23" colordiffuse="button_focus">buttons/dialogbutton-fo.png</texturefocus>
							<texturenofocus border="40">buttons/dialogbutton-nofo.png</texturenofocus>
							<visible>$PARAM[visible_2]</visible>
						</control>
					</control>
				</control>
			</control>
		</definition>
	</include>
	<include name="WidgetListEpisodes"> <!-- Easy/SC* -->
		<param name="main_label">$INFO[ListItem.Title]</param>
		<param name="sub_label">$INFO[ListItem.TVShowTitle]</param>
		<param name="thumb_label">$INFO[ListItem.Season,,x]$INFO[ListItem.Episode]</param>
		<param name="sortby"></param>
		<param name="visible">True</param>
		<param name="sortorder">ascending</param>
        <param name="item_limit">$INFO[Skin.String(widget_limit)]</param> <!-- Easy/SC+ -->
        <param name="stream-cinema">false</param> <!-- Easy/SC+ -->
		<definition>
			<include content="CategoryLabel">
				<param name="label">$PARAM[widget_header]</param>
				<param name="list_id" value="$PARAM[list_id]"/>
				<param name="info">true</param> <!-- Easy/SC+ -->
				<param name="episode">$PARAM[episode]</param> <!-- Easy/SC+ -->
                <param name="stream-cinema">$PARAM[stream-cinema]</param> <!-- Easy/SC+ -->
				<param name="param">$PARAM[param]</param> <!-- Easy/SC+ -->
				<param name="title">$PARAM[title]</param> <!-- Easy/SC+ -->
			</include>
			<include content="BusyListSpinner">
				<param name="list_id" value="$PARAM[list_id]"/>
				<param name="posy" value="200"/>
			</include>
			<control type="panel" id="$PARAM[list_id]">
				<left>0</left>
				<top>105</top>
				<right>0</right>
				<height>410</height>
				<include content="WidgetListCommon">
					<param name="list_id" value="$PARAM[list_id]"/>
				</include>
				<visible>$PARAM[visible]</visible>
				<visible>Integer.IsGreater(Container($PARAM[list_id]).NumItems,0) | Container($PARAM[list_id]).IsUpdating</visible>
				<itemlayout width="310" height="500">
					<control type="group">
						<left>70</left>
						<top>5</top>
						<include content="InfoWallEpisodeLayout">
							<param name="main_label" value="$PARAM[main_label]" />
							<param name="sub_label" value="$PARAM[sub_label]" />
							<param name="thumb_label" value="$PARAM[thumb_label]" />
							<param name="focused" value="false" />
						</include>
					</control>
				</itemlayout>
				<focusedlayout width="310" height="500">
					<control type="group">
						<depth>DepthContentPopout</depth>
						<left>70</left>
						<top>5</top>
						<animation type="Focus">
							<effect type="zoom" start="100" end="112" time="200" tween="sine" easing="inout" center="230,120" />
						</animation>
						<animation type="Unfocus">
							<effect type="zoom" start="112" end="100" time="200" tween="sine" easing="inout" center="230,120" />
						</animation>
						<include content="InfoWallEpisodeLayout">
							<param name="main_label" value="$PARAM[main_label]" />
							<param name="sub_label" value="$PARAM[sub_label]" />
							<param name="thumb_label" value="$PARAM[thumb_label]" />
							<param name="focused" value="true" />
						</include>
					</control>
				</focusedlayout>
				<content sortby="$PARAM[sortby]" sortorder="$PARAM[sortorder]" target="$PARAM[widget_target]" limit="$PARAM[widget_limit]">$PARAM[content_path]</content>
			</control>
		</definition>
	</include>
	<include name="WidgetWallEpisodes">  <!-- Easy/SC+ from original WidgetListEpisodes -->
		<param name="main_label">$INFO[ListItem.Title]</param>
		<param name="sub_label">$INFO[ListItem.TVShowTitle]</param>
		<param name="thumb_label">$INFO[ListItem.Season,,x]$INFO[ListItem.Episode]</param>
		<param name="sortby"></param>
		<param name="visible">True</param>
		<param name="sortorder">ascending</param>
        <param name="item_limit">$INFO[Skin.String(widget_limit)]</param> <!-- Easy/SC+ -->
        <param name="stream-cinema">false</param> <!-- Easy/SC+ -->
		<definition>
			<include content="CategoryLabel">
				<param name="label">$PARAM[widget_header]</param>
				<param name="list_id" value="$PARAM[list_id]"/>
				<param name="info">true</param> <!-- Easy/SC+ -->
				<param name="episode">$PARAM[episode]</param> <!-- Easy/SC+ -->
                <param name="stream-cinema">$PARAM[stream-cinema]</param> <!-- Easy/SC+ -->
				<param name="param">$PARAM[param]</param> <!-- Easy/SC+ -->
				<param name="title">$PARAM[title]</param> <!-- Easy/SC+ -->
			</include>
			<include content="BusyListSpinner">
				<param name="list_id" value="$PARAM[list_id]"/>
				<param name="posy" value="200"/>
			</include>
			<control type="panel" id="$PARAM[list_id]">
				<left>0</left>
				<top>105</top>
				<right>0</right>
				<height>1000</height>
				<include content="WidgetWallCommon">
					<param name="list_id" value="$PARAM[list_id]"/>
				</include>
				<visible>$PARAM[visible]</visible>
				<visible>Integer.IsGreater(Container($PARAM[list_id]).NumItems,0) | Container($PARAM[list_id]).IsUpdating</visible>
				<itemlayout width="310" height="300">
					<control type="group">
						<left>70</left>
						<top>5</top>
						<include content="InfoWallEpisodeLayout">
							<param name="main_label" value="$PARAM[main_label]" />
							<param name="sub_label" value="$PARAM[sub_label]" />
							<param name="thumb_label" value="$PARAM[thumb_label]" />
							<param name="focused" value="false" />
						</include>
					</control>
				</itemlayout>
				<focusedlayout width="310" height="300">
					<control type="group">
						<depth>DepthContentPopout</depth>
						<left>70</left>
						<top>5</top>
						<animation type="Focus">
							<effect type="zoom" start="100" end="112" time="200" tween="sine" easing="inout" center="230,120" />
						</animation>
						<animation type="Unfocus">
							<effect type="zoom" start="112" end="100" time="200" tween="sine" easing="inout" center="230,120" />
						</animation>
						<include content="InfoWallEpisodeLayout">
							<param name="main_label" value="$PARAM[main_label]" />
							<param name="sub_label" value="$PARAM[sub_label]" />
							<param name="thumb_label" value="$PARAM[thumb_label]" />
							<param name="focused" value="true" />
						</include>
					</control>
				</focusedlayout>
				<content sortby="$PARAM[sortby]" sortorder="$PARAM[sortorder]" target="$PARAM[widget_target]" limit="$PARAM[item_limit]">$PARAM[content_path]</content>
			</control>
		</definition>
	</include>
	<include name="WidgetListSquare"> <!-- Easy/SC* -->
		<param name="sub_label">$INFO[ListItem.Label]</param>
		<param name="sortby"></param>
		<param name="visible">True</param>
		<param name="sortorder">ascending</param>
		<param name="widget_limit">15</param>
		<param name="fallback_icon">DefaultAudio.png</param>
		<param name="item_limit">$INFO[Skin.String(widget_limit)]</param> <!-- Easy/SC+ -->
		<definition>
			<include content="CategoryLabel">
				<param name="label">$PARAM[widget_header]</param>
				<param name="list_id" value="$PARAM[list_id]"/>
				<param name="visible" value="$PARAM[visible]"/>
			</include>
			<include content="BusyListSpinner">
				<param name="list_id" value="$PARAM[list_id]"/>
				<param name="posy" value="220"/>
				<param name="visible" value="$PARAM[visible]"/>
			</include>
			<control type="panel" id="$PARAM[list_id]">
				<left>0</left>
				<top>120</top>
				<right>0</right>
				<height>500</height>
				<include content="WidgetListCommon">
					<param name="list_id" value="$PARAM[list_id]"/>
				</include>
				<visible>$PARAM[visible]</visible>
				<visible>Integer.IsGreater(Container($PARAM[list_id]).NumItems,0) | Container($PARAM[list_id]).IsUpdating</visible>
				<itemlayout width="310" height="500">
					<control type="group">
						<left>70</left>
						<include content="InfoWallMusicLayout">
							<param name="main_label" value="$PARAM[main_label]" />
							<param name="single_label" value="$PARAM[single_label]" />
							<param name="sub_label" value="$PARAM[sub_label]" />
							<param name="focused" value="false" />
						</include>
					</control>
				</itemlayout>
				<focusedlayout width="310" height="500">
					<control type="group">
						<depth>DepthContentPopout</depth>
						<left>70</left>
						<animation type="Focus">
							<effect type="zoom" start="100" end="112" time="200" tween="sine" easing="inout" center="240,120" />
						</animation>
						<animation type="Unfocus">
							<effect type="zoom" start="112" end="100" time="200" tween="sine" easing="inout" center="240,120" />
						</animation>
						<include content="InfoWallMusicLayout">
							<param name="main_label" value="$PARAM[main_label]" />
							<param name="single_label" value="$PARAM[single_label]" />
							<param name="sub_label" value="$PARAM[sub_label]" />
							<param name="focused" value="true" />
						</include>
					</control>
				</focusedlayout>
				<content sortby="$PARAM[sortby]" sortorder="$PARAM[sortorder]" target="$PARAM[widget_target]" limit="$PARAM[widget_limit]">$PARAM[content_path]</content>
			</control>
		</definition>
	</include>
	<include name="WidgetListCategories"> <!-- Easy/SC* -->
		<param name="item_limit">$INFO[Container($PARAM[list_id]).NumItems]</param> <!-- Easy/SC* -->
		<param name="icon">$INFO[ListItem.Icon]</param>
		<param name="icon_height">120</param>
		<param name="pvr_submenu">false</param>
		<param name="rec_submenu">false</param>	<!-- Easy/SC+ Recording Menu -->
		<param name="addon_submenu">false</param> <!-- Easy/SC+ Addon Menu -->
		<param name="pvr_type">TV</param>
		<param name="visible">true</param>
		<param name="SCMainMenu_submenu">false</param>	<!-- Easy/SC+ SC Main Menu -->
		<param name="SCMoviesMenu_submenu">false</param>	<!-- Easy/SC+ SC Movies Menu -->
		<param name="SCTVShowsMenu_submenu">false</param>	<!-- Easy/SC+ SC TVShows Menu -->
		<param name="SCStoriesMenu_submenu">false</param>	<!-- Easy/SC+ SC Stories Menu -->
		<param name="SCConcertsMenu_submenu">false</param>	<!-- Easy/SC+ SC Concerts Menu -->
		<param name="SCAnimeMenu_submenu">false</param>	<!-- Easy/SC+ SC Anime Menu -->
		<param name="SCTVMenu_submenu">false</param>	<!-- Easy/SC+ SC TV Menu -->
		<param name="SCTraktMenu_submenu">false</param>	<!-- Easy/SC+ SC Trakt Menu -->
		<param name="iVysilaniMenu_submenu">false</param>	<!-- Easy/SC+ SC iVysílání -->
		<definition>
			<include content="CategoryLabel">
				<param name="label">$PARAM[widget_header]</param>
				<param name="list_id" value="$PARAM[list_id]"/>
				<param name="visible" value="$PARAM[visible]"/>
			</include>
			<include content="BusyListSpinner">
				<param name="list_id" value="$PARAM[list_id]"/>
				<param name="visible" value="$PARAM[visible]"/>
			</include>
			<control type="panel" id="$PARAM[list_id]">
				<left>0</left>
				<top>110</top>
				<right>0</right>
				<height>290</height>
				<include content="WidgetListCommon">
					<param name="list_id" value="$PARAM[list_id]"/>
				</include>
				<visible>$PARAM[visible]</visible>
				<visible>Integer.IsGreater(Container($PARAM[list_id]).NumItems,0) | Container($PARAM[list_id]).IsUpdating</visible>
				<itemlayout width="310" height="340">
					<control type="group">
						<left>70</left>
						<control type="image">
							<width>316</width>
							<height>200</height>
							<texture>dialogs/dialog-bg-nobo.png</texture>
							<bordertexture border="21">overlays/shadow.png</bordertexture>
							<bordersize>20</bordersize>
						</control>
						<control type="image">
							<centertop>74</centertop>
							<left>58</left>
							<width>200</width>
							<height>$PARAM[icon_height]</height>
							<texture fallback="DefaultFolder.png">$PARAM[icon]</texture>
							<aspectratio>keep</aspectratio>
						</control>
						<control type="textbox">
							<left>38</left>
							<top>106</top>
							<width>240</width>
							<height>70</height>
							<label>$INFO[ListItem.Label]</label>
							<font>font25_narrow</font>
							<shadowcolor>text_shadow</shadowcolor>
							<align>center</align>
							<aligny>center</aligny>
						</control>
					</control>
				</itemlayout>
				<focusedlayout width="310" height="340">
					<control type="group">
						<depth>DepthContentPopout</depth>
						<left>70</left>
						<animation type="Focus">
							<effect type="zoom" start="100" end="115" time="200" tween="sine" easing="inout" center="228,70" />
						</animation>
						<animation type="Unfocus">
							<effect type="zoom" start="115" end="100" time="200" tween="sine" easing="inout" center="228,70" />
						</animation>
						<control type="image">
							<width>316</width>
							<height>200</height>
							<texture>dialogs/dialog-bg-nobo.png</texture>
							<bordertexture border="21">overlays/shadow.png</bordertexture>
							<bordersize>20</bordersize>
						</control>
						<control type="image">
							<width>316</width>
							<height>200</height>
							<texture colordiffuse="button_focus">colors/grey.png</texture>
							<bordersize>20</bordersize>
							<include>Animation_FocusTextureFade</include>
						</control>
						<control type="image">
							<centertop>74</centertop>
							<left>58</left>
							<width>200</width>
							<height>$PARAM[icon_height]</height>
							<texture fallback="DefaultFolder.png">$PARAM[icon]</texture>
							<aspectratio>keep</aspectratio>
						</control>
						<control type="textbox">
							<left>38</left>
							<top>106</top>
							<width>240</width>
							<height>70</height>
							<label>$INFO[ListItem.Label]</label>
							<font>font25_narrow</font>
							<shadowcolor>text_shadow</shadowcolor>
							<align>center</align>
							<aligny>center</aligny>
						</control>
					</control>
				</focusedlayout>
				<!-- Easy/SC* -->
				<include condition="!$PARAM[pvr_submenu] + !$PARAM[addon_submenu] + !$PARAM[rec_submenu] + !$PARAM[SCMainMenu_submenu] + !$PARAM[SCMoviesMenu_submenu] + !$PARAM[SCTVShowsMenu_submenu] + !$PARAM[SCStoriesMenu_submenu] + !$PARAM[SCConcertsMenu_submenu] + !$PARAM[SCAnimeMenu_submenu] + !$PARAM[SCTVMenu_submenu] + !$PARAM[SCTraktMenu_submenu] + !$PARAM[iVysilaniMenu_submenu]" content="SubmenuContent">
					<param name="widget_target" value="$PARAM[widget_target]"/>
					<param name="item_limit" value="$PARAM[item_limit]"/>
					<param name="content_path" value="$PARAM[content_path]"/>
				</include>
				<include condition="$PARAM[pvr_submenu]" content="PVRSubMenuContent">
					<param name="pvr_type" value="$PARAM[pvr_type]"/>
				</include>
				<!-- Easy/SC* -->
				<include condition="$PARAM[rec_submenu]" content="RecSubMenuContent">
					<param name="pvr_type" value="$PARAM[pvr_type]"/>
				</include>
				<include condition="$PARAM[addon_submenu]">AddonSubMenuContent</include>
				<!-- Easy/SC+ SC Main Menu -->
				<include condition="$PARAM[SCMainMenu_submenu]">SCMainMenuContent</include>
				<!-- Easy/SC+ SC Movies Menu -->
				<include condition="$PARAM[SCMoviesMenu_submenu]">SCMoviesMenuContent</include>
				<!-- Easy/SC+ SC TVShows Menu -->
				<include condition="$PARAM[SCTVShowsMenu_submenu]">SCTVShowsMenuContent</include>
				<!-- Easy/SC+ SC Stories Menu -->
				<include condition="$PARAM[SCStoriesMenu_submenu]">SCStoriesMenuContent</include>
				<!-- Easy/SC+ SC Concerts Menu -->
				<include condition="$PARAM[SCConcertsMenu_submenu]">SCConcertsMenuContent</include>
				<!-- Easy/SC+ SC Anime Menu -->
				<include condition="$PARAM[SCAnimeMenu_submenu]">SCAnimeMenuContent</include>
				<!-- Easy/SC+ SC TV Menu -->
				<include condition="$PARAM[SCTVMenu_submenu]">SCTVMenuContent</include>
				<!-- Easy/SC+ SC Trakt Menu -->
				<include condition="$PARAM[SCTraktMenu_submenu]">SCTraktMenuContent</include>
				<!-- Easy/SC+ SC iVysílání Menu -->
				<include condition="$PARAM[iVysilaniMenu_submenu]">iVysilaniMenuContent</include>
			</control>
		</definition>
	</include>
	<include name="SubmenuContent">
		<content target="$PARAM[widget_target]" limit="$PARAM[item_limit]">$PARAM[content_path]</content>
	</include>
	<include name="PVRSubMenuContent"> <!-- Easy/SC* -->
		<content>
			<item>
				<label>$LOCALIZE[19019]</label>
				<onclick>ActivateWindow($PARAM[pvr_type]Channels)</onclick>
				<thumb>DefaultAddonPeripheral.png</thumb>
			</item>
			<item>
				<label>Program</label> <!-- Easy/SC* -->
				<onclick>ActivateWindow($PARAM[pvr_type]Guide)</onclick>
				<thumb>icons/pvr/epg.png</thumb>
			</item>
			<item>
				<label>$LOCALIZE[19017]</label>
				<onclick>ActivateWindow($PARAM[pvr_type]Recordings)</onclick>
				<thumb>icons/pvr/recording.png</thumb>
			</item>
			<item>
				<label>$LOCALIZE[31167]</label>
				<onclick>ActivateWindow(10025,plugin://plugin.video.sl/?replay=channels,return)</onclick>
				<thumb>special://skin/extras/icons/pvr/skylink.png</thumb>
				<visible>System.HasAddon(plugin.video.sl)</visible>
			</item>
			<item>
				<label>$LOCALIZE[19040]</label>
				<onclick>ActivateWindow($PARAM[pvr_type]Timers)</onclick>
				<thumb>icons/pvr/timer.png</thumb>
			</item>
			<item>
				<label>$LOCALIZE[19138]</label>
				<onclick>ActivateWindow($PARAM[pvr_type]TimerRules)</onclick>
				<thumb>icons/pvr/timer-rule.png</thumb>
			</item>
			<item>
				<label>$LOCALIZE[137]</label>
				<onclick>ActivateWindow($PARAM[pvr_type]Search)</onclick>
				<thumb>DefaultAddonsSearch.png</thumb>
			</item>
		</content>
	</include>
	<include name="RecSubMenuContent"> <!-- Easy/SC+ Recording Menu -->
		<content>
			<item>
				<label>$LOCALIZE[19017]</label>
				<onclick>ActivateWindow($PARAM[pvr_type]Recordings)</onclick>
				<thumb>icons/pvr/recording.png</thumb>
			</item>
			<item>
				<label>Soubory</label>
				<onclick>ActivateWindow(Videos,/var/media/Record/,return)</onclick>
				<thumb>defaultharddisk.png</thumb>
			</item>
			<item>
				<label>$LOCALIZE[19040]</label>
				<onclick>ActivateWindow($PARAM[pvr_type]Timers)</onclick>
				<thumb>icons/pvr/timer.png</thumb>
			</item>
			<item>
				<label>$LOCALIZE[19138]</label>
				<onclick>ActivateWindow($PARAM[pvr_type]TimerRules)</onclick>
				<thumb>icons/pvr/timer-rule.png</thumb>
			</item>
			<item>
				<label>$LOCALIZE[137]</label>
				<onclick>ActivateWindow($PARAM[pvr_type]Search)</onclick>
				<thumb>DefaultAddonsSearch.png</thumb>
			</item>
		</content>
	</include>
	<include name="WidgetListChannels"> <!-- Easy/SC* -->
		<param name="item_limit">$INFO[Skin.String(widget_limit)]</param> <!-- Easy/SC+ -->
		<param name="icon">$INFO[ListItem.Icon]</param>
		<param name="label">$INFO[ListItem.Label]</param>
		<param name="label2">$INFO[ListItem.Title]</param>
		<definition>
			<include content="CategoryLabel">
				<param name="label">$PARAM[widget_header]</param>
				<param name="list_id" value="$PARAM[list_id]"/>
                <param name="visible">$PARAM[visible]</param> <!-- Easy/SC+ -->
                <param name="info">true</param> <!-- Easy/SC+ -->
                <param name="always">true</param> <!-- Easy/SC+ -->
                <param name="param">$PARAM[param]</param> <!-- Easy/SC+ -->
                <param name="title">$PARAM[title]</param> <!-- Easy/SC+ -->
			</include>
			<include content="BusyListSpinner">
				<param name="list_id" value="$PARAM[list_id]"/>
				<param name="posy" value="200"/>
			</include>
			<control type="panel" id="$PARAM[list_id]">
				<left>0</left>
				<top>120</top>
				<right>0</right>
				<height>430</height>
				<include content="WidgetListCommon">
					<param name="list_id" value="$PARAM[list_id]"/>
				</include>
				<visible>Integer.IsGreater(Container($PARAM[list_id]).NumItems,0) | Container($PARAM[list_id]).IsUpdating</visible>
				<itemlayout width="310" height="500">
					<control type="group">
						<left>70</left>
						<control type="image">
							<width>319</width>
							<height>340</height>
							<texture>dialogs/dialog-bg-nobo.png</texture>
							<bordertexture border="21">overlays/shadow.png</bordertexture>
							<bordersize>20</bordersize>
						</control>
						<control type="image">
							<top>43</top>
							<left>38</left>
							<width>245</width>
							<height>200</height>
							<texture fallback="DefaultTVShows.png">$PARAM[icon]</texture>
							<aspectratio>keep</aspectratio>
						</control>
						<control type="label">
							<left>42</left>
							<top>247</top>
							<width>245</width>
							<height>70</height>
							<label>$PARAM[label]</label>
							<font>font12</font>
							<shadowcolor>text_shadow</shadowcolor>
							<align>center</align>
							<aligny>top</aligny>
						</control>
						<control type="label">
							<left>42</left>
							<top>277</top>
							<width>245</width>
							<height>65</height>
							<label>$PARAM[label2]</label>
							<font>font12</font>
							<shadowcolor>text_shadow</shadowcolor>
							<align>center</align>
							<aligny>top</aligny>
						</control>
						<control type="image">
							<left>260</left>
							<top>30</top>
							<width>32</width>
							<height>32</height>
							<texture>$VAR[WallWatchedIconVar]</texture>
						</control>
					</control>
				</itemlayout>
				<focusedlayout width="310" height="500">
					<control type="group">
						<depth>DepthContentPopout</depth>
						<left>70</left>
						<animation type="Focus">
							<effect type="zoom" start="100" end="110" time="200" tween="sine" easing="inout" center="240,100" />
						</animation>
						<animation type="Unfocus">
							<effect type="zoom" start="110" end="100" time="200" tween="sine" easing="inout" center="240,100" />
						</animation>
						<control type="image">
							<width>319</width>
							<height>340</height>
							<texture>dialogs/dialog-bg-nobo.png</texture>
							<bordertexture border="21">overlays/shadow.png</bordertexture>
							<bordersize>20</bordersize>
						</control>
						<control type="image">
							<width>319</width>
							<height>340</height>
							<texture colordiffuse="button_focus">colors/grey.png</texture>
							<bordersize>20</bordersize>
							<include>Animation_FocusTextureFade</include>
						</control>
						<control type="image">
							<top>43</top>
							<left>38</left>
							<width>245</width>
							<height>200</height>
							<texture fallback="DefaultTVShows.png">$PARAM[icon]</texture>
							<aspectratio>keep</aspectratio>
						</control>
						<control type="label">
							<left>42</left>
							<top>247</top>
							<width>245</width>
							<height>70</height>
							<label>$PARAM[label]</label>
							<font>font12</font>
							<shadowcolor>text_shadow</shadowcolor>
							<align>center</align>
							<scroll>true</scroll>
							<aligny>top</aligny>
						</control>
						<control type="label">
							<left>42</left>
							<top>277</top>
							<width>245</width>
							<height>65</height>
							<label>$PARAM[label2]</label>
							<font>font12</font>
							<shadowcolor>text_shadow</shadowcolor>
							<align>center</align>
							<scroll>true</scroll>
							<aligny>top</aligny>
						</control>
						<control type="image">
							<left>260</left>
							<top>30</top>
							<width>32</width>
							<height>32</height>
							<texture>$VAR[WallWatchedIconVar]</texture>
						</control>
					</control>
				</focusedlayout>
				<content sortby="$PARAM[sortby]" sortorder="$PARAM[sortorder]" target="$PARAM[widget_target]" limit="$PARAM[item_limit]">$PARAM[content_path]</content>
			</control>
		</definition>
	</include>
	<include name="WidgetWallChannels"> <!-- Easy/SC+ -->
		<param name="item_limit">$INFO[Skin.String(widget_limit)]</param>
		<param name="icon">$INFO[ListItem.Icon]</param>
		<param name="label">$INFO[ListItem.Label]</param>
		<param name="label2">$INFO[ListItem.Title]</param>
		<definition>
			<include content="CategoryLabel">
				<param name="label">$PARAM[widget_header]</param>
				<param name="list_id">$PARAM[list_id]</param>
                <param name="visible">$PARAM[visible]</param>
                <param name="info">true</param>
                <param name="always">true</param>
                <param name="param">$PARAM[param]</param>
                <param name="title">$PARAM[title]</param>
			</include>
			<include content="BusyListSpinner">
				<param name="list_id" value="$PARAM[list_id]"/>
				<param name="posy" value="200"/>
			</include>
			<control type="panel" id="$PARAM[list_id]">
				<left>0</left>
				<top>120</top>
				<right>0</right>
				<bottom>0</bottom>
				<include content="WidgetWallCommon">
					<param name="list_id" value="$PARAM[list_id]"/>
				</include>
				<visible>Integer.IsGreater(Container($PARAM[list_id]).NumItems,0) | Container($PARAM[list_id]).IsUpdating</visible>
				<itemlayout width="310" height="350">
					<control type="group">
						<left>70</left>
						<control type="image">
							<width>319</width>
							<height>340</height>
							<texture>dialogs/dialog-bg-nobo.png</texture>
							<bordertexture border="21">overlays/shadow.png</bordertexture>
							<bordersize>20</bordersize>
						</control>
						<control type="image">
							<top>43</top>
							<left>38</left>
							<width>245</width>
							<height>200</height>
							<texture fallback="icons/sidemenu/radio.png">$PARAM[icon]</texture>
							<aspectratio>keep</aspectratio>
						</control>
						<control type="label">
							<left>42</left>
							<top>247</top>
							<width>245</width>
							<height>70</height>
                            <wrapmultiline>true</wrapmultiline>
							<label>$PARAM[label]</label>
							<font>font12</font>
							<shadowcolor>text_shadow</shadowcolor>
							<align>center</align>
							<aligny>top</aligny>
						</control>
                        <control type="label">
							<left>42</left>
							<top>277</top>
							<width>245</width>
							<height>65</height>
							<label>$PARAM[label2]</label>
							<font>font12</font>
							<shadowcolor>text_shadow</shadowcolor>
							<align>center</align>
							<aligny>top</aligny>
						</control>
						<control type="image">
							<left>260</left>
							<top>30</top>
							<width>32</width>
							<height>32</height>
							<texture>$VAR[WallWatchedIconVar]</texture>
						</control>
					</control>
				</itemlayout>
				<focusedlayout width="310" height="350">
					<control type="group">
						<depth>DepthContentPopout</depth>
						<left>70</left>
						<animation type="Focus">
							<effect type="zoom" start="100" end="110" time="200" tween="sine" easing="inout" center="240,100" />
						</animation>
						<animation type="Unfocus">
							<effect type="zoom" start="110" end="100" time="200" tween="sine" easing="inout" center="240,100" />
						</animation>
						<control type="image">
							<width>319</width>
							<height>340</height>
							<texture>dialogs/dialog-bg-nobo.png</texture>
							<bordertexture border="21">overlays/shadow.png</bordertexture>
							<bordersize>20</bordersize>
						</control>
						<control type="image">
							<width>319</width>
							<height>340</height>
							<texture colordiffuse="button_focus">colors/grey.png</texture>
							<bordersize>20</bordersize>
							<include>Animation_FocusTextureFade</include>
						</control>
						<control type="image">
							<top>43</top>
							<left>38</left>
							<width>245</width>
							<height>200</height>
							<texture fallback="icons/sidemenu/radio.png">$PARAM[icon]</texture>
							<aspectratio>keep</aspectratio>
						</control>
						<control type="label">
							<left>42</left>
							<top>247</top>
							<width>245</width>
							<height>70</height>
                            <wrapmultiline>true</wrapmultiline>
							<label>$PARAM[label]</label>
							<font>font12</font>
							<shadowcolor>text_shadow</shadowcolor>
							<align>center</align>
							<scroll>true</scroll>
							<aligny>top</aligny>
						</control>
						<control type="label">
							<left>42</left>
							<top>277</top>
							<width>245</width>
							<height>65</height>
							<label>$PARAM[label2]</label>
							<font>font12</font>
							<shadowcolor>text_shadow</shadowcolor>
							<align>center</align>
							<scroll>true</scroll>
							<aligny>top</aligny>
						</control>
						<control type="image">
							<left>260</left>
							<top>30</top>
							<width>32</width>
							<height>32</height>
							<texture>$VAR[WallWatchedIconVar]</texture>
						</control>
					</control>
				</focusedlayout>
				<content sortby="$PARAM[sortby]" sortorder="$PARAM[sortorder]" target="$PARAM[widget_target]" limit="$PARAM[item_limit]">$PARAM[content_path]</content>
			</control>
		</definition>
	</include>
	<include name="WeatherWidget">
		<param name="width">266</param>
		<definition>
			<include content="CategoryLabel">
				<param name="label">$PARAM[widget_header]</param>
				<param name="list_id" value="$PARAM[list_id]"/>
				<param name="visible" value="$PARAM[visible]"/>
			</include>
			<control type="panel" id="$PARAM[list_id]">
				<left>0</left>
				<top>90</top>
				<right>0</right>
				<height>396</height>
				<include content="WidgetListCommon">
					<param name="list_id" value="$PARAM[list_id]"/>
				</include>
				<visible>$PARAM[visible]</visible>
				<itemlayout width="$PARAM[width]" height="320">
					<control type="group">
						<left>70</left>
						<control type="image">
							<left>0</left>
							<top>20</top>
							<width>254</width>
							<height>280</height>
							<texture>dialogs/dialog-bg-nobo.png</texture>
							<bordertexture border="21">overlays/shadow.png</bordertexture>
							<bordersize>20</bordersize>
						</control>
						<control type="image">
							<left>60</left>
							<top>108</top>
							<width>130</width>
							<height>130</height>
							<texture>$INFO[ListItem.Icon]</texture>
						</control>
						<control type="label">
							<left>15</left>
							<top>45</top>
							<align>center</align>
							<label>$INFO[ListItem.Label]</label>
							<width>230</width>
						</control>
						<control type="label">
							<left>15</left>
							<top>78</top>
							<align>center</align>
							<font>font12</font>
							<label>$INFO[ListItem.Property(ShortDate)]</label>
							<width>230</width>
						</control>
						<control type="label">
							<left>15</left>
							<top>236</top>
							<align>center</align>
							<label>$INFO[ListItem.Label2]</label>
							<font>font12</font>
							<width>230</width>
						</control>
					</control>
				</itemlayout>
				<focusedlayout width="$PARAM[width]" height="400">
					<control type="group">
						<left>70</left>
						<depth>DepthContentPopout</depth>
						<animation type="Focus">
							<effect type="zoom" start="100" end="110" time="200" tween="sine" easing="inout" center="180,140" />
						</animation>
						<animation type="Unfocus">
							<effect type="zoom" start="110" end="100" time="200" tween="sine" easing="inout" center="180,140" />
						</animation>
						<control type="image">
							<left>0</left>
							<top>20</top>
							<width>254</width>
							<height>280</height>
							<texture>dialogs/dialog-bg-nobo.png</texture>
							<bordertexture border="21">overlays/shadow.png</bordertexture>
							<bordersize>20</bordersize>
						</control>
						<control type="image">
							<left>0</left>
							<top>20</top>
							<width>254</width>
							<height>280</height>
							<texture colordiffuse="button_focus">colors/grey.png</texture>
							<bordersize>20</bordersize>
							<include>Animation_FocusTextureFade</include>
						</control>
						<control type="image">
							<left>60</left>
							<top>108</top>
							<width>130</width>
							<height>130</height>
							<texture>$INFO[ListItem.Icon]</texture>
						</control>
						<control type="label">
							<left>15</left>
							<top>45</top>
							<align>center</align>
							<label>$INFO[ListItem.Label]</label>
							<width>230</width>
						</control>
						<control type="label">
							<left>15</left>
							<top>78</top>
							<align>center</align>
							<font>font12</font>
							<label>$INFO[ListItem.Property(ShortDate)]</label>
							<width>230</width>
						</control>
						<control type="label">
							<left>15</left>
							<top>236</top>
							<align>center</align>
							<label>$INFO[ListItem.Label2]</label>
							<font>font12</font>
							<width>230</width>
						</control>
					</control>
				</focusedlayout>
				<include>$PARAM[content_include]</include>
			</control>
		</definition>
	</include>
	<include name="HourlyItems">
		<content>
			<item>
				<icon>resource://resource.images.weathericons.default/na.png</icon>
				<onclick>noop</onclick>
				<visible>String.IsEmpty(Window(weather).Property(Hourly.IsFetched))</visible>
			</item>
			<include content="WeatherHourlyItem">
				<param name="item_index" value="1" />
			</include>
			<include content="WeatherHourlyItem">
				<param name="item_index" value="2" />
			</include>
			<include content="WeatherHourlyItem">
				<param name="item_index" value="3" />
			</include>
			<include content="WeatherHourlyItem">
				<param name="item_index" value="4" />
			</include>
			<include content="WeatherHourlyItem">
				<param name="item_index" value="5" />
			</include>
			<include content="WeatherHourlyItem">
				<param name="item_index" value="6" />
			</include>
			<include content="WeatherHourlyItem">
				<param name="item_index" value="7" />
			</include>
			<include content="WeatherHourlyItem">
				<param name="item_index" value="8" />
			</include>
			<include content="WeatherHourlyItem">
				<param name="item_index" value="9" />
			</include>
			<include content="WeatherHourlyItem">
				<param name="item_index" value="10" />
			</include>
		</content>
	</include>
	<include name="DailyItems">
		<content>
			<item>
				<icon>resource://resource.images.weathericons.default/na.png</icon>
				<onclick>noop</onclick>
				<visible>String.IsEmpty(Window(weather).Property(Daily.IsFetched))</visible>
			</item>
			<include content="WeatherDailyItem">
				<param name="item_index" value="1" />
			</include>
			<include content="WeatherDailyItem">
				<param name="item_index" value="2" />
			</include>
			<include content="WeatherDailyItem">
				<param name="item_index" value="3" />
			</include>
			<include content="WeatherDailyItem">
				<param name="item_index" value="4" />
			</include>
			<include content="WeatherDailyItem">
				<param name="item_index" value="5" />
			</include>
			<include content="WeatherDailyItem">
				<param name="item_index" value="6" />
			</include>
			<include content="WeatherDailyItem">
				<param name="item_index" value="7" />
			</include>
			<include content="WeatherDailyItem">
				<param name="item_index" value="8" />
			</include>
			<include content="WeatherDailyItem">
				<param name="item_index" value="9" />
			</include>
			<include content="WeatherDailyItem">
				<param name="item_index" value="10" />
			</include>
			<include content="WeatherDailyItem">
				<param name="item_index" value="11" />
			</include>
			<include content="WeatherDailyItem">
				<param name="item_index" value="12" />
			</include>
			<include content="WeatherDailyItem">
				<param name="item_index" value="13" />
			</include>
			<include content="WeatherDailyItem">
				<param name="item_index" value="14" />
			</include>
		</content>
	</include>
	<include name="WeatherHourlyItem">
		<item>
			<label>$INFO[Window(weather).Property(Hourly.$PARAM[item_index].Time)]</label>
			<label2>$INFO[Window(weather).Property(Hourly.$PARAM[item_index].Temperature)] ∙ $INFO[Window(weather).Property(Hourly.$PARAM[item_index].Precipitation)]</label2>
			<property name="Temperature">$INFO[Window(weather).Property(Hourly.$PARAM[item_index].Temperature)]</property>
			<property name="Outlook">$INFO[Window(weather).Property(Hourly.$PARAM[item_id].Outlook)]</property>
			<property name="Cloudiness">$INFO[Window(weather).Property(Hourly.$PARAM[item_index].Cloudiness)]</property>
			<property name="ShortDate">$INFO[Window(weather).Property(Hourly.$PARAM[item_index].ShortDate)]</property>
			<property name="FanartCode">$INFO[Window(weather).Property(Hourly.$PARAM[item_index].FanartCode)]</property>
			<thumb>resource://resource.images.weathericons.default/$INFO[Window(weather).Property(Hourly.$PARAM[item_index].OutlookIcon)]</thumb>
			<onclick>noop</onclick>
			<visible>!String.IsEmpty(Window(weather).Property(Hourly.$PARAM[item_index].Outlook))</visible>
		</item>
	</include>
	<include name="WeatherDailyItem">
		<item>
			<label>$INFO[Window(weather).Property(Daily.$PARAM[item_index].ShortDay)]</label>
			<label2>[COLOR blue]$INFO[Window(weather).Property(Daily.$PARAM[item_index].LowTemperature)][/COLOR] ∙ [COLOR red]$INFO[Window(weather).Property(Daily.$PARAM[item_index].HighTemperature)][/COLOR]</label2>
			<property name="LongDay">$INFO[Window(weather).Property(Daily.$PARAM[item_index].LongDay)]</property>
			<property name="TempDay">$INFO[Window(weather).Property(Daily.$PARAM[item_index].TempDay)]</property>
			<property name="Cloudiness">$INFO[Window(weather).Property(Daily.$PARAM[item_index].Cloudiness)]</property>
			<property name="Outlook">$INFO[Window(weather).Property(Daily.$PARAM[item_index].Outlook)]</property>
			<property name="ShortDate">$INFO[Window(weather).Property(Daily.$PARAM[item_index].ShortDate)]</property>
			<property name="FanartCode">$INFO[Window(weather).Property(Daily.$PARAM[item_index].FanartCode)]</property>
			<thumb>resource://resource.images.weathericons.default/$INFO[Window(weather).Property(Daily.$PARAM[item_index].OutlookIcon)]</thumb>
			<onclick>noop</onclick>
			<visible>!String.IsEmpty(Window(weather).Property(Daily.$PARAM[item_index].Outlook))</visible>
		</item>
	</include>
	<include name="WeatherMapItem">
		<control type="group" id="700$PARAM[item_id]">
			<height>1110</height>
			<visible>Weather.IsFetched + !String.IsEmpty(Window(weather).Property(Map.$PARAM[item_id].Area)) + !String.IsEmpty(Window(weather).Property(Map.IsFetched))</visible>
			<centerleft>50%</centerleft>
			<width>1920</width>
			<control type="image" id="700$PARAM[item_id]1">
				<left>50</left>
				<top>100</top>
				<width>1820</width>
				<height>920</height>
				<texture>dialogs/dialog-bg-nobo.png</texture>
				<bordertexture border="21">overlays/shadow.png</bordertexture>
				<bordersize>20</bordersize>
			</control>
			<control type="image" id="700$PARAM[item_id]2">
				<left>120</left>
				<top>160</top>
				<width>1680</width>
				<height>800</height>
				<texture>$INFO[Window(weather).Property(Map.$PARAM[item_id].Area)]</texture>
				<aspectratio>scale</aspectratio>
			</control>
			<control type="image" id="700$PARAM[item_id]3">
				<left>120</left>
				<top>160</top>
				<width>1680</width>
				<height>800</height>
				<texture>$INFO[Window(weather).Property(Map.$PARAM[item_id].Layer)]</texture>
				<aspectratio>scale</aspectratio>
				<colordiffuse>70FFFFFF</colordiffuse>
			</control>
			<control type="image" id="700$PARAM[item_id]4">
				<left>1340</left>
				<top>880</top>
				<width>350</width>
				<height>55</height>
				<texture>$INFO[Window(weather).Property(Map.$PARAM[item_id].Legend)]</texture>
			</control>
		</control>
		<control type="button" id="700$PARAM[item_id]0">
			<left>1000</left>
			<top>0</top>
			<width>340</width>
			<height>100</height>
			<align>center</align>
			<aligny>center</aligny>
			<textoffsetx>40</textoffsetx>
			<textoffsety>0</textoffsety>
			<texturenofocus border="21">buttons/button-nofo.png</texturenofocus>
			<animation effect="slide" end="0,-90" time="0" condition="true">Conditional</animation>
			<texturefocus border="21" colordiffuse="button_focus">buttons/button-fo.png</texturefocus>
			<font>font30_title</font>
			<onclick>noop</onclick>
			<label>$INFO[Window(weather).Property(Map.$PARAM[item_id].Heading)]</label>
			<visible>Weather.IsFetched + !String.IsEmpty(Window(weather).Property(Map.$PARAM[item_id].Area)) + !String.IsEmpty(Window(weather).Property(Map.IsFetched))</visible>
		</control>
	</include>
	<include name="WidgetListLabel"> <!-- Easy/SC+ -->
		<param name="item_limit">$INFO[Container($PARAM[list_id]).NumItems]</param>
		<param name="visible">true</param>
		<definition>
			<include content="CategoryLabel">
				<param name="label">$PARAM[widget_header]</param>
				<param name="list_id" value="$PARAM[list_id]"/>
				<param name="visible" value="$PARAM[visible]"/>
			</include>
			<include content="BusyListSpinner">
				<param name="list_id" value="$PARAM[list_id]"/>
				<param name="visible" value="$PARAM[visible]"/>
			</include>
			<control type="panel" id="$PARAM[list_id]">
				<left>0</left>
				<top>110</top>
				<right>0</right>
				<height>240</height>
				<include content="WidgetListCommon">
					<param name="list_id" value="$PARAM[list_id]"/>
				</include>
				<visible>$PARAM[visible]</visible>
				<visible>Integer.IsGreater(Container($PARAM[list_id]).NumItems,0) | Container($PARAM[list_id]).IsUpdating</visible>
				<itemlayout width="310" height="340">
					<control type="group">
						<left>70</left>
						<control type="image">
							<width>316</width>
							<height>150</height>
							<texture>dialogs/dialog-bg-nobo.png</texture>
							<bordertexture border="21">overlays/shadow.png</bordertexture>
							<bordersize>20</bordersize>
						</control>
						<control type="textbox">
							<left>42</left>
							<top>40</top>
							<width>240</width>
							<height>70</height>
							<label>$INFO[ListItem.Label]</label>
							<font>font25_narrow</font>
							<shadowcolor>text_shadow</shadowcolor>
							<align>center</align>
							<aligny>center</aligny>
						</control>
					</control>
				</itemlayout>
				<focusedlayout width="310" height="340">
					<control type="group">
						<depth>DepthContentPopout</depth>
						<left>70</left>
						<animation type="Focus">
							<effect type="zoom" start="100" end="115" time="200" tween="sine" easing="inout" center="228,70" />
						</animation>
						<animation type="Unfocus">
							<effect type="zoom" start="115" end="100" time="200" tween="sine" easing="inout" center="228,70" />
						</animation>
						<control type="image">
							<width>316</width>
							<height>150</height>
							<texture>dialogs/dialog-bg-nobo.png</texture>
							<bordertexture border="21">overlays/shadow.png</bordertexture>
							<bordersize>20</bordersize>
						</control>
						<control type="image">
							<width>316</width>
							<height>150</height>
							<texture colordiffuse="button_focus">colors/grey.png</texture>
							<bordersize>20</bordersize>
							<include>Animation_FocusTextureFade</include>
						</control>
						<control type="textbox">
							<left>42</left>
							<top>40</top>
							<width>240</width>
							<height>70</height>
							<label>$INFO[ListItem.Label]</label>
							<font>font25_narrow</font>
							<shadowcolor>text_shadow</shadowcolor>
							<align>center</align>
							<aligny>center</aligny>
						</control>
					</control>
				</focusedlayout>
                <content target="$PARAM[widget_target]" limit="$PARAM[item_limit]">$PARAM[content_path]</content>
			</control>
		</definition>
	</include>
	<include name="WidgetListFilter"> <!-- Easy/SC+ -->
		<param name="item_limit">$INFO[Container($PARAM[list_id]).NumItems]</param>
		<param name="visible">true</param>
		<param name="filter0"></param>
		<param name="filter1"></param>
		<param name="filter2"></param>
		<param name="filter3"></param>
		<param name="filter4"></param>
		<param name="filter5"></param>
		<param name="filter6"></param>
		<param name="filter7"></param>
		<definition>
			<include content="CategoryLabel">
				<param name="label">$PARAM[widget_header]</param>
				<param name="list_id" value="$PARAM[list_id]"/>
				<param name="visible" value="$PARAM[visible]"/>
			</include>
			<include content="BusyListSpinner">
				<param name="list_id" value="$PARAM[list_id]"/>
				<param name="visible" value="$PARAM[visible]"/>
			</include>
			<control type="panel" id="$PARAM[list_id]">
				<left>0</left>
				<top>110</top>
				<right>0</right>
				<height>240</height>
				<include content="WidgetListCommon">
					<param name="list_id" value="$PARAM[list_id]"/>
				</include>
				<visible>$PARAM[visible]</visible>
				<visible>Integer.IsGreater(Container($PARAM[list_id]).NumItems,0) | Container($PARAM[list_id]).IsUpdating</visible>
				<itemlayout width="310" height="340">
					<control type="group">
						<left>70</left>
						<control type="image">
							<width>316</width>
							<height>150</height>
							<texture>dialogs/dialog-bg-nobo.png</texture>
							<bordertexture border="21">overlays/shadow.png</bordertexture>
							<bordersize>20</bordersize>
						</control>
						<control type="textbox">
							<left>42</left>
							<top>40</top>
							<width>240</width>
							<height>70</height>
							<label>$INFO[ListItem.Label]</label>
							<font>font25_narrow</font>
							<shadowcolor>text_shadow</shadowcolor>
							<align>center</align>
							<aligny>center</aligny>
						</control>
					</control>
				</itemlayout>
				<focusedlayout width="310" height="340">
					<control type="group">
						<depth>DepthContentPopout</depth>
						<left>70</left>
						<animation type="Focus">
							<effect type="zoom" start="100" end="115" time="200" tween="sine" easing="inout" center="228,70" />
						</animation>
						<animation type="Unfocus">
							<effect type="zoom" start="115" end="100" time="200" tween="sine" easing="inout" center="228,70" />
						</animation>
						<control type="image">
							<width>316</width>
							<height>150</height>
							<texture>dialogs/dialog-bg-nobo.png</texture>
							<bordertexture border="21">overlays/shadow.png</bordertexture>
							<bordersize>20</bordersize>
						</control>
						<control type="image">
							<width>316</width>
							<height>150</height>
							<texture colordiffuse="button_focus">colors/grey.png</texture>
							<bordersize>20</bordersize>
							<include>Animation_FocusTextureFade</include>
						</control>
						<control type="textbox">
							<left>42</left>
							<top>40</top>
							<width>240</width>
							<height>70</height>
							<label>$INFO[ListItem.Label]</label>
							<font>font25_narrow</font>
							<shadowcolor>text_shadow</shadowcolor>
							<align>center</align>
							<aligny>center</aligny>
						</control>
					</control>
				</focusedlayout>
                <content target="$PARAM[widget_target]" limit="$PARAM[item_limit]">$PARAM[content_path]</content>
			</control>
		</definition>
	</include>
	<include name="WidgetListCommon">
		<scrolltime tween="cubic" easing="out">500</scrolltime>
		<orientation>horizontal</orientation>
		<onleft>9000</onleft>
		<onright>noop</onright>
		<onunfocus>SetProperty(listposition,$INFO[Container($PARAM[list_id]).Position],home)</onunfocus>
		<onfocus>Control.Move($PARAM[list_id],-$INFO[Container($PARAM[list_id]).Position])</onfocus>
		<onfocus>Control.Move($PARAM[list_id],$INFO[Window(home).Property(listposition)])</onfocus>
		<onback>SetFocus($PARAM[list_id],0,absolute)</onback>
		<preloaditems>2</preloaditems>
	</include>
	<include name="WidgetWallCommon">  <!-- Easy/SC+ -->
		<scrolltime tween="cubic" easing="out">500</scrolltime>
		<orientation>vertical</orientation>
		<onleft>9000</onleft>
		<onright>noop</onright>
		<onup>20000</onup>
		<ondown>20001</ondown>
		<onunfocus>SetProperty(listposition,$INFO[Container($PARAM[list_id]).Position],home)</onunfocus>
		<onback>PageUp</onback>
		<onback>PageUp</onback>
		<onback>PageUp</onback>
		<onback>PageUp</onback>
		<preloaditems>2</preloaditems>
	</include>
	<include name="BusyListSpinner">
		<param name="posy">160</param>
		<param name="visible">true</param>
		<definition>
			<control type="group" id="$PARAM[list_id]599">
				<height>160</height>
				<left>180</left>
				<visible>Container($PARAM[list_id]).IsUpdating + !Integer.IsGreater(Container($PARAM[list_id]).NumItems,0)</visible>
				<visible>$PARAM[visible]</visible>
				<control type="image">
					<top>$PARAM[posy]</top>
					<width>100</width>
					<height>100</height>
					<aspectratio aligny="center">keep</aspectratio>
					<texture colordiffuse="black">dialogs/extendedprogress/loading-back.png</texture>
				</control>
				<control type="image">
					<top>$PARAM[posy]</top>
					<width>100</width>
					<height>100</height>
					<aspectratio aligny="center">keep</aspectratio>
					<texture>dialogs/extendedprogress/loading.png</texture>
					<animation effect="rotate" center="auto" start="360" end="0" time="1500" loop="true" condition="true">Conditional</animation>
				</control>
			</control>
		</definition>
	</include>
	<include name="WidgetScrollbar">
		<control type="group">
			<right>0</right>
			<top>80</top>
			<bottom>80</bottom>
			<width>60</width>
			<control type="scrollbar" id="$PARAM[scrollbar_id]">
				<right>0</right>
				<top>0</top>
				<bottom>0</bottom>
				<width>13</width>
				<onleft>50</onleft>
				<onright>50</onright>
				<orientation>vertical</orientation>
				<texturesliderbackground />
				<hitrect x="0" y="0" w="60" h="100%" />
				<animation effect="fade" start="0" end="100" time="200" delay="300">Visible</animation>
				<animation effect="fade" start="100" end="0" time="200">Hidden</animation>
				<animation effect="slide" end="6,0" time="300" tween="sine" easing="inout" condition="!Control.HasFocus($PARAM[scrollbar_id])">conditional</animation>
			</control>
		</control>
	</include>
	<include name="WidgetListLetters"> <!-- Easy/SC+ -->
		<param name="item_limit">$INFO[Container($PARAM[list_id]).NumItems]</param>
		<param name="icon">$INFO[ListItem.Icon]</param>
		<param name="icon_height">120</param>
		<param name="visible">true</param>
		<definition>
			<include content="CategoryLabel">
				<param name="label">$PARAM[widget_header]</param>
				<param name="list_id" value="$PARAM[list_id]"/>
				<param name="visible" value="$PARAM[visible]"/>
			</include>
			<include content="BusyListSpinner">
				<param name="list_id" value="$PARAM[list_id]"/>
				<param name="visible" value="$PARAM[visible]"/>
			</include>
			<control type="panel" id="$PARAM[list_id]">
				<left>0</left>
				<top>110</top>
				<right>0</right>
				<height>240</height>
				<include content="WidgetListCommon">
					<param name="list_id" value="$PARAM[list_id]"/>
				</include>
				<visible>$PARAM[visible]</visible>
				<visible>Integer.IsGreater(Container($PARAM[list_id]).NumItems,0) | Container($PARAM[list_id]).IsUpdating</visible>
				<itemlayout width="156" height="200">
					<control type="group">
						<left>70</left>
						<control type="image">
							<width>150</width>
							<height>150</height>
							<texture>dialogs/dialog-bg-nobo.png</texture>
							<bordertexture border="21">overlays/shadow.png</bordertexture>
							<bordersize>20</bordersize>
						</control>
						<control type="textbox">
							<left>0</left>
							<top>0</top>
							<width>150</width>
							<height>150</height>
							<label>$INFO[ListItem.Label]</label>
							<font>font52_title</font>
							<shadowcolor>text_shadow</shadowcolor>
							<align>center</align>
							<aligny>center</aligny>
						</control>
					</control>
				</itemlayout>
				<focusedlayout width="156" height="200">
					<control type="group">
						<depth>DepthContentPopout</depth>
						<left>70</left>
						<animation type="Focus">
							<effect type="zoom" start="100" end="115" time="200" tween="sine" easing="inout" center="150,75" />
						</animation>
						<animation type="Unfocus">
							<effect type="zoom" start="115" end="100" time="200" tween="sine" easing="inout" center="150,75" />
						</animation>
						<control type="image">
							<width>150</width>
							<height>150</height>
							<texture>dialogs/dialog-bg-nobo.png</texture>
							<bordertexture border="21">overlays/shadow.png</bordertexture>
							<bordersize>20</bordersize>
						</control>
						<control type="image">
							<width>150</width>
							<height>150</height>
							<texture colordiffuse="button_focus">colors/grey.png</texture>
							<bordersize>20</bordersize>
							<include>Animation_FocusTextureFade</include>
						</control>
						<control type="textbox">
							<left>0</left>
							<top>0</top>
							<width>150</width>
							<height>150</height>
							<label>$INFO[ListItem.Label]</label>
							<font>font52_title</font>
							<shadowcolor>text_shadow</shadowcolor>
							<align>center</align>
							<aligny>center</aligny>
						</control>
					</control>
				</focusedlayout>
				<include content="SubmenuContent">
					<param name="widget_target" value="$PARAM[widget_target]"/>
					<param name="item_limit" value="$PARAM[item_limit]"/>
					<param name="content_path" value="$PARAM[content_path]"/>
				</include>
			</control>
		</definition>
	</include>
	<include name="WidgetWallItem"> <!-- Easy/SC+ -->
		<param name="fallback_image">DefaultFolder.png</param>
		<param name="single_label">$INFO[ListItem.Label]</param>
		<param name="focused">false</param>
		<definition>
			<control type="image">
				<top>0</top>
				<width>248</width>
				<height>312</height>
				<texture>dialogs/dialog-bg-nobo.png</texture>
				<bordertexture border="21">overlays/shadow.png</bordertexture>
				<bordersize>20</bordersize>
			</control>
			<control type="image">
				<top>-4</top>
				<left>-4</left>
				<width>256</width>
				<height>320</height>
				<texture colordiffuse="button_focus">colors/grey.png</texture>
				<bordertexture border="21">overlays/shadow.png</bordertexture>
				<bordersize>20</bordersize>
				<visible>$PARAM[focused]</visible>
				<include condition="$PARAM[focused]">Animation_FocusTextureFade</include>
			</control>
			<control type="image">
				<left>0</left>
				<top>0</top>
				<width>248</width>
				<height>248</height>
				<texture fallback="$PARAM[fallback_image]" background="true">$VAR[InfoWallThumbVar]</texture>
				<aspectratio>keep</aspectratio>
				<bordersize>20</bordersize>
			</control>
			<control type="textbox">
				<left>20</left>
				<top>218</top>
				<width>210</width>
				<height>80</height>
				<font>font12</font>
				<align>center</align>
				<aligny>center</aligny>
				<label>$PARAM[single_label]</label>
			</control>
		</definition>
	</include>
	<include name="WidgetOnlineInfo"> <!-- Easy/SC+ -->
		<param name="header">true</param>
		<definition>
			<control type="group" id=99998>
				<visible>Control.HasFocus($PARAM[list_id]) + Integer.IsGreater(Container($PARAM[list_id]).NumItems,0)</visible>
				<include>WidgetInfoAnimation</include>
				<include content="WidgetTitle">
					<param name="visible" value="true"/>
					<param name="left" value="0"/>
				</include>
				<control type="grouplist">
					<left>10</left>
					<top>100</top>
					<bottom>40</bottom>
					<control type="image">
						<height>100</height>
						<width>442</width>
						<aspectratio aligny="center" align="left">keep</aspectratio>
						<texture background="true">special://skin/extras/banners/$PARAM[source].jpg</texture> <!-- Saxel -->
						<visible>$PARAM[header]</visible>
					</control>
					<control type="fadelabel">
						<height>50</height>
						<width>442</width>
						<aligny>center</aligny>
						<label>$PARAM[source]</label>
						<textcolor>button_focus</textcolor>
						<shadowcolor>text_shadow</shadowcolor>
						<visible>$PARAM[header]</visible>
					</control>
					<control type="textbox">
						<height>150</height>
						<width>442</width>
						<aligny>center</aligny>
						<scroll>true</scroll>
						<font>font36_title</font>
						<label>$INFO[Container($PARAM[list_id]).ListItem.Label]</label>
						<shadowcolor>text_shadow</shadowcolor>
						<autoscroll delay="5000" time="1500" repeat="5000">Skin.HasSetting(autoscroll)</autoscroll>
					</control>
					<control type="image">
						<height>320</height>
						<width>442</width>
						<aspectratio aligny="center" align="left">keep</aspectratio>
						<texture background="true"></texture>
						<texture fallback="special://skin/extras/backgrounds/pattern1.jpg" background="true">$INFO[Container($PARAM[list_id]).ListItem.Icon]</texture>  <!-- Saxel -->
					</control>
					<control type="textbox">
						<height>450</height>
						<width>442</width>
						<label>$INFO[Container($PARAM[list_id]).ListItem.Plot][CR]</label>
						<shadowcolor>text_shadow</shadowcolor>
						<autoscroll delay="3000" time="1000" repeat="10000">Skin.HasSetting(autoscroll)</autoscroll>
					</control>
				</control>
			</control>
		</definition>
	</include>
	<include name="WidgetInfo"> <!-- Easy/SC+ -->
		<param name="year">true</param>
		<param name="episode">false</param>
		<param name="thumb">false</param>
		<param name="sets">false</param>	
		<definition>
			<control type="group" id=99999>
				<visible>Control.HasFocus($PARAM[list_id]) + Integer.IsGreater(Container($PARAM[list_id]).NumItems,0)</visible>
				<include>WidgetInfoAnimation</include>
				<include content="WidgetTitle">
					<param name="visible" value="true"/>
					<param name="left" value="0"/>
				</include>
				<control type="grouplist">
					<left>10</left>
					<top>100</top>
					<bottom>40</bottom>
					<control type="textbox">
						<height>100</height>
						<width>442</width>
						<aligny>center</aligny>
						<scroll>true</scroll>
						<font>font36_title</font>
						<label>$INFO[Container($PARAM[list_id]).ListItem.Label]</label>
						<shadowcolor>text_shadow</shadowcolor>
						<autoscroll delay="5000" time="1500" repeat="5000">Skin.HasSetting(autoscroll)</autoscroll>
						<visible>!$PARAM[episode] + [!$PARAM[year] | String.IsEmpty(Container($PARAM[list_id]).ListItem.Year) | Container($PARAM[list_id]).ListItem.IsCollection]</visible>
					</control>
					<control type="textbox">
						<height>100</height>
						<width>442</width>
						<aligny>center</aligny>
						<scroll>true</scroll>
						<font>font36_title</font>
						<label>$INFO[Container($PARAM[list_id]).ListItem.Label] ($INFO[Container($PARAM[list_id]).ListItem.Year])</label>
						<shadowcolor>text_shadow</shadowcolor>
						<autoscroll delay="5000" time="1500" repeat="5000">Skin.HasSetting(autoscroll)</autoscroll>
						<visible>!$PARAM[episode] + $PARAM[year] + !String.IsEmpty(Container($PARAM[list_id]).ListItem.Year) + !Container($PARAM[list_id]).ListItem.IsCollection</visible>
					</control>
					<control type="textbox">
						<height>100</height>
						<width>442</width>
						<aligny>center</aligny>
						<font>font36_title</font>
						<label>$INFO[Container($PARAM[list_id]).ListItem.TVShowTitle] $INFO[Container($PARAM[list_id]).ListItem.Label]</label>
						<shadowcolor>text_shadow</shadowcolor>
						<autoscroll delay="3000" time="1000" repeat="10000">Skin.HasSetting(autoscroll)</autoscroll>
						<visible>$PARAM[episode]</visible>
					</control>
					<control type="fadelabel">
						<height>50</height>
						<width>442</width>
						<aligny>center</aligny>
						<label>$INFO[Container($PARAM[list_id]).ListItem.Genre]</label>
						<textcolor>button_focus</textcolor>
						<shadowcolor>text_shadow</shadowcolor>
						<visible>!String.IsEmpty(Container($PARAM[list_id]).ListItem.Genre)</visible>
					</control>
					<control type="image">
						<height>320</height>
						<width>442</width>
						<aspectratio aligny="center" align="left">keep</aspectratio>
						<texture background="true"></texture>
						<texture fallback="special://skin/extras/backgrounds/pattern1.jpg" background="true">$INFO[Container($PARAM[list_id]).ListItem.Art(fanart)]</texture> <!-- Saxel -->
						<visible>!$PARAM[thumb]</visible>
					</control>
					<control type="image">
						<height>320</height>
						<width>442</width>
						<aspectratio aligny="center" align="left">keep</aspectratio>
						<texture background="true"></texture>
						<texture fallback="special://skin/extras/backgrounds/pattern1.jpg" background="true">$INFO[Container($PARAM[list_id]).ListItem.Art(thumb)]</texture> <!-- Saxel -->
						<visible>$PARAM[thumb]</visible>
					</control>
					<control type="textbox">
						<height>450</height>
						<width>442</width>
						<label>$INFO[Container($PARAM[list_id]).ListItem.Tagline,[I],[/I][CR][CR]]$INFO[Container($PARAM[list_id]).ListItem.Plot][CR]</label>
						<shadowcolor>text_shadow</shadowcolor>
						<autoscroll delay="3000" time="1000" repeat="10000">Skin.HasSetting(autoscroll)</autoscroll>
						<visible>!Container($PARAM[list_id]).ListItem.IsCollection</visible>
					</control>
					<include content="WidgetInfoSets" condition="$PARAM[sets]">
						<param name="list_id" value="$PARAM[list_id]"/>
						<param name="sets" value="$PARAM[sets]"/>
					</include>
				</control>
			</control>
		</definition>
	</include>
	<include name="WidgetInfoSets"> <!-- Easy/SC+ -->
		<definition>
			<control type="panel">
				<height>490</height>
				<width>442</width>
				<orientation>vertical</orientation>
				<autoscroll delay="3000" time="1000" repeat="10000">Skin.HasSetting(autoscroll)</autoscroll>
				<visible>Container($PARAM[list_id]).ListItem.IsCollection</visible>
				<focusedlayout height="40" width="442">
					<control type="label">
						<label>$INFO[ListItem.Year,[COLOR button_focus],[/COLOR]  -  ]$INFO[ListItem.Label]</label>
						<shadowcolor>text_shadow</shadowcolor>
					</control>
				</focusedlayout>
				<itemlayout height="40" width="442">
					<control type="label">
						<label>$INFO[ListItem.Year,[COLOR button_focus],[/COLOR]  -  ]$INFO[ListItem.Label]</label>
						<shadowcolor>text_shadow</shadowcolor>
					</control>
				</itemlayout>
				<content sortby="year" sortorder="descending">$INFO[Container($PARAM[list_id]).ListItem.FolderPath]</content>
			</control>
		</definition>
	</include>
	<include name="WidgetInfoAnimation"> <!-- Easy/SC+ -->
		<animation type="Visible" condition="!Skin.HasSetting(no_slide_animations)">
			<effect type="fade" start="0" end="100" time="300" tween="sine" easing="out" />
			<effect type="slide" start="-320" end="0" time="400" tween="cubic" easing="out" />
		</animation>
		<animation type="Hidden" condition="!Skin.HasSetting(no_slide_animations)">
			<effect type="fade" start="100" end="0" time="300" tween="sine" easing="out" />
			<effect type="slide" start="0" end="-320" time="300" tween="cubic" easing="out" />
		</animation>
		<left>-462</left>
		<top>0</top>
		<control type="image">
			<width>462</width>
			<bottom>0</bottom>
			<texture colordiffuse="EDFFFFFF">lists/panel.png</texture>
		</control>
	</include>
	<include name="WidgetTitle"> <!-- Easy/SC+ -->
		<param name="visible">false</param>
		<param name="left">40</param>
		<definition>
			<control type="group">
				<visible>[!Control.HasFocus(9000) + !ControlGroup(700).HasFocus + !ControlGroup(710).HasFocus + Skin.HasSetting(show_fullwidget)] | $PARAM[visible]</visible>
				<left>$PARAM[left]</left>
				<control type="image">
					<left>0</left>
					<top>-10</top>
					<width>95</width>
					<height>95</height>
					<texture>$INFO[Container(9000).ListItem.Art(thumb)]</texture>
				</control>
				<control type="label">
					<left>90</left>
					<top>-15</top>
					<height>95</height>
					<width>560</width>
					<aligny>center</aligny>
					<font>font37</font>
					<label>$INFO[Container(9000).ListItem.Label]</label>
				</control>
				<control type="label">
					<left>90</left>
					<top>-15</top>
					<height>95</height>
					<width>560</width>
					<aligny>top</aligny>
					<font>font10</font>
					<label>[CR][CR]$INFO[Container(9000).ListItem.Label2]</label>
					<visible>Skin.HasSetting(menu_postfix)</visible>
				</control>
			</control>
		</definition>
	</include>
	<include name="FullWidgets"> <!-- Easy/SC+ -->
		<left>-40</left>
	</include>
	<include name="ShortWidgets"> <!-- Easy/SC+ -->
		<left>462</left>
	</include>
	<include name="ShiftWidgets"> <!-- Easy/SC+ -->
		<animation type="conditional" condition="[Control.HasFocus(9000) | ControlGroup(700).HasFocus | ControlGroup(710).HasFocus] + Skin.HasSetting(show_fullwidget)">
			<effect type="slide" end="502,0" time="200" tween="quadratic" easing="out" />
		</animation>
	</include>
	<include name="SubmenuContent"> <!-- Easy/SC+ -->
		<content target="$PARAM[widget_target]" limit="$PARAM[item_limit]">$PARAM[content_path]</content>
	</include>
</includes>
