<?xml version="1.0" encoding="UTF-8"?>
<includes> <!-- Easy/SC+ -->
	<include name="HomeMenuContent">
		<item> <!-- Movies Wall -->
			<label>$LOCALIZE[342] Wall</label>
			<onclick>ActivateWindow(Videos,videodb://movies/titles/,return)</onclick>
			<property name="menu_id">$NUMBER[82000]</property>
			<thumb>icons/sidemenu/movies.png</thumb>
			<property name="id">movieswall</property>
			<visible>Skin.HasSetting(develop_home) + Skin.HasSetting(develop_test)</visible>
		</item>
		<item> <!-- Episodes Wall -->
			<label>$LOCALIZE[20343] Wall</label>
			<onclick>ActivateWindow(Videos,videodb://tvshows/titles/,return)</onclick>
			<property name="menu_id">$NUMBER[83000]</property>
			<thumb>icons/sidemenu/tv.png</thumb>
			<property name="id">episodeswall</property>
			<visible>Skin.HasSetting(develop_home) + Skin.HasSetting(develop_test)</visible>
		</item>
		<item> <!-- Easy/SC Stream-Cinema -->
			<label>$LOCALIZE[31168]</label>
			<onclick>RunAddon(plugin.video.stream-cinema)</onclick>
			<property name="menu_id">$NUMBER[40000]</property>
			<thumb>icons/sidemenu/favourites.png</thumb>
			<property name="id">streamcinema</property>
			<visible>Skin.HasSetting(SCMain) + !Skin.HasSetting(HomeMenuNoStreamCinemaButton) + System.HasAddon(plugin.video.stream-cinema)</visible>
		</item>
		<item> <!-- Easy/SC Stream-Cinema Movies -->
			<label>$LOCALIZE[20342]</label>
			<label2>[CR][CR]$LOCALIZE[31168]</label2>
			<onclick>ActivateWindow(Videos,plugin://plugin.video.stream-cinema/?id=6d6f76696573&amp;list=2f464d6f76696573&amp;title=243330393031&amp;url=2f464d6f76696573,return)</onclick>
			<property name="menu_id">$NUMBER[41000]</property>
			<thumb>icons/sidemenu/movies.png</thumb>
			<property name="id">streamcinemamovies</property>
			<visible>Skin.HasSetting(SCMovie) + !Skin.HasSetting(HomeMenuNoStreamCinemaButton) + System.HasAddon(plugin.video.stream-cinema)</visible>
		</item>
		<item> <!-- Easy/SC Stream-Cinema TVShows -->
			<label>$LOCALIZE[20343]</label>
			<label2>[CR][CR]$LOCALIZE[31168]</label2>
			<onclick>ActivateWindow(Videos,plugin://plugin.video.stream-cinema/?id=736572696573&amp;list=2f536572696573&amp;title=243330393032&amp;url=2f536572696573,return)</onclick>
			<property name="menu_id">$NUMBER[42000]</property>
			<thumb>icons/sidemenu/tv.png</thumb>
			<property name="id">streamcinematvshows</property>
			<visible>Skin.HasSetting(SCTVShow) + !Skin.HasSetting(HomeMenuNoStreamCinemaButton) + System.HasAddon(plugin.video.stream-cinema)</visible>
		</item>
		<item> <!-- Easy/SC Stream-Cinema Pohádky -->
			<label>$LOCALIZE[31169]</label>
			<label2>[CR][CR]$LOCALIZE[31168]</label2>
			<onclick>ActivateWindow(Videos,plugin://plugin.video.stream-cinema/?id=36&amp;list=2f5365617263682f6765744c6973742f36&amp;title=526f7a707261766b79&amp;url=2f5365617263682f6765744c6973742f36,return)</onclick>
			<property name="menu_id">$NUMBER[47000]</property>
			<thumb>icons/sidemenu/movies.png</thumb>
			<property name="id">streamcinemastories</property>
			<visible>Skin.HasSetting(SCStories) + !Skin.HasSetting(HomeMenuNoStreamCinemaButton) + System.HasAddon(plugin.video.stream-cinema)</visible>
		</item>
		<item> <!-- Easy/SC Stream-Cinema Koncerty -->
			<label>$LOCALIZE[31170]</label>
			<label2>[CR][CR]$LOCALIZE[31168]</label2>
			<onclick>ActivateWindow(Videos,plugin://plugin.video.stream-cinema/?id=6b6f6e63657274&amp;list=2f464d6f766965732f6b6f6e63657274&amp;title=4b6f6e6365727479&amp;url=2f464d6f766965732f6b6f6e63657274,return)</onclick>
			<property name="menu_id">$NUMBER[43000]</property>
			<thumb>icons/sidemenu/musicvideos.png</thumb>
			<property name="id">streamcinemaconcerts</property>
			<visible>Skin.HasSetting(SCConcerts) + !Skin.HasSetting(HomeMenuNoStreamCinemaButton) + System.HasAddon(plugin.video.stream-cinema)</visible>
		</item>
		<item> <!-- Easy/SC Stream-Cinema Anime -->
			<label>Anime</label>
			<label2>[CR][CR]Stream-Cinema</label2>
			<onclick>ActivateWindow(Videos,plugin://plugin.video.stream-cinema/?id=616e696d65&amp;list=2f416e696d65&amp;title=416e696d65&amp;url=2f416e696d65,return)</onclick>
			<property name="menu_id">$NUMBER[44000]</property>
			<thumb>icons/sidemenu/videos.png</thumb>
			<property name="id">streamcinemaanime</property>
			<visible>Skin.HasSetting(SCAnime) + !Skin.HasSetting(HomeMenuNoStreamCinemaButton) + System.HasAddon(plugin.video.stream-cinema)</visible>
		</item>
		<item> <!-- Easy/SC Stream-Cinema TV -->
			<label>Televize</label>
			<label2>[CR][CR]Stream-Cinema</label2>
			<onclick>ActivateWindow(Videos,plugin://plugin.video.stream-cinema/?list=2f465476&amp;title=243330393130&amp;url=2f465476,return)</onclick>
			<property name="menu_id">$NUMBER[45000]</property>
			<thumb>icons/sidemenu/livetv.png</thumb>
			<property name="id">streamcinematv</property>
			<visible>Skin.HasSetting(SCTV) + !Skin.HasSetting(HomeMenuNoStreamCinemaButton) + System.HasAddon(plugin.video.stream-cinema)</visible>
		</item>
		<item> <!-- Easy/SC Stream-Cinema Trakt -->
			<label>Moje seznamy</label>
			<label2>[CR][CR]Stream-Cinema</label2>
			<onclick>ActivateWindow(Videos,plugin://plugin.video.stream-cinema/?action=7472616b7457617463686c697374&amp;title=24333039343320287472616b742e747629,return)</onclick>
			<property name="menu_id">$NUMBER[46000]</property>
			<thumb>defaultplaylist.png</thumb>
			<property name="id">streamcinematrakt</property>
			<visible>Skin.HasSetting(SCTrakt) + !Skin.HasSetting(HomeMenuNoStreamCinemaButton) + System.HasAddon(plugin.video.stream-cinema)</visible>
		</item>
		<item> <!-- iVysilani -->
			<label>iVysílání</label>
			<label2>[CR][CR]Česká televize</label2>
			<property name="menu_id">$NUMBER[62000]</property>
			<onclick>ActivateWindow(videos,plugin://plugin.video.ivysilani.cz,return)</onclick>
			<thumb>icons/sidemenu/livetv.png</thumb>
			<property name="id">ivysilani</property>
			<visible>!Skin.HasSetting(HomeMenuNoiVysilaniButton) + System.HasAddon(plugin.video.ivysilani.cz)</visible>
		</item>
		<item> <!-- Trailer -->
			<label>Trailer</label>
			<label2>[CR][CR]</label2>
			<property name="menu_id">$NUMBER[70000]</property>
			<onclick>RunAddon(plugin.video.trailer)</onclick>
			<thumb>icons/sidemenu/videos.png</thumb>
			<property name="id">trailer</property>
			<visible>!Skin.HasSetting(TrailerWallWidget) + !Skin.HasSetting(HomeMenuNoTrailerButton) + System.HasAddon(plugin.video.trailer) + System.HasAddon(plugin.video.youtube)</visible>
		</item>
		<item> <!-- Trailer -->
			<label>Trailer</label>
			<label2>[CR][CR]Týdenní novinky</label2>
			<property name="menu_id">$NUMBER[71000]</property>
			<onclick>RunAddon(plugin.video.trailer)</onclick>
			<thumb>icons/sidemenu/videos.png</thumb>
			<property name="id">trailerwall</property>
			<visible>Skin.HasSetting(TrailerWallWidget) + !Skin.HasSetting(HomeMenuNoTrailerButton) + System.HasAddon(plugin.video.trailer) + System.HasAddon(plugin.video.youtube)</visible>
		</item>
		<item> <!-- Radio.de -->
			<label>Radio</label>
			<label2>[CR][CR]Internet</label2>
			<property name="menu_id">$NUMBER[80000]</property>
			<onclick>RunAddon(plugin.audio.radio_de)</onclick>
			<thumb>icons/sidemenu/radio.png</thumb>
			<property name="id">radiode</property>
			<visible>!Skin.HasSetting(RadiodeWallWidget) + !Skin.HasSetting(HomeMenuNoRadiodeButton) + System.HasAddon(plugin.audio.radio_de)</visible>
		</item>
		<item> <!-- Radio.de -->
			<label>Radio</label>
			<label2>[CR][CR]Internet: My Stations</label2>
			<property name="menu_id">$NUMBER[81000]</property>
			<onclick>RunAddon(plugin.audio.radio_de)</onclick>
			<thumb>icons/sidemenu/radio.png</thumb>
			<property name="id">radiodewall</property>
			<visible>Skin.HasSetting(RadiodeWallWidget) + !Skin.HasSetting(HomeMenuNoRadiodeButton) + System.HasAddon(plugin.audio.radio_de)</visible>
		</item>
		<item> <!-- Movies -->
			<label>$LOCALIZE[342]</label>
			<onclick condition="Library.HasContent(movies)">ActivateWindow(Videos,videodb://movies/titles/,return)</onclick>
			<onclick condition="!Library.HasContent(movies)">ActivateWindow(Videos,sources://video/,return)</onclick>
			<property name="menu_id">$NUMBER[5000]</property>
			<thumb>icons/sidemenu/movies.png</thumb>
			<property name="id">movies</property>
			<visible>!Skin.HasSetting(HomeMenuNoMovieButton)</visible>
		</item>
		<item> <!-- TVShows -->
			<label>$LOCALIZE[20343]</label>
			<onclick condition="Library.HasContent(tvshows)">ActivateWindow(Videos,videodb://tvshows/titles/,return)</onclick>
			<onclick condition="!Library.HasContent(tvshows)">ActivateWindow(Videos,sources://video/,return)</onclick>
			<property name="menu_id">$NUMBER[6000]</property>
			<thumb>icons/sidemenu/tv.png</thumb>
			<property name="id">tvshows</property>
			<visible>!Skin.HasSetting(HomeMenuNoTVShowButton)</visible>
		</item>
		<item> <!-- Disc -->
			<label>$LOCALIZE[427]</label>
			<onclick>PlayDisc</onclick>
			<property name="menu_id">$NUMBER[21000]</property>
			<thumb>icons/sidemenu/disc.png</thumb>
			<property name="id">disc</property>
			<visible>System.HasMediaDVD</visible>
		</item>
		<item> <!-- TV -->
			<label>$LOCALIZE[19020]</label>
			<property name="menu_id">$NUMBER[12000]</property>
			<onclick condition="!Skin.HasSetting(play_tv)">ActivateWindow(TVChannels)</onclick>
			<onclick condition="Skin.HasSetting(play_tv)">PlayPVRTV</onclick>
			<thumb>icons/sidemenu/livetv.png</thumb>
			<property name="id">livetv</property>
			<visible>!Skin.HasSetting(HomeMenuNoTVButton)</visible>
		</item>
		<item> <!-- Radio -->
			<label>$LOCALIZE[19021]</label>
			<property name="menu_id">$NUMBER[13000]</property>
			<onclick condition="!Skin.HasSetting(play_radio)">ActivateWindow(RadioChannels)</onclick>
			<onclick condition="Skin.HasSetting(play_radio)">PlayPVRRadio</onclick>
			<thumb>icons/sidemenu/radio.png</thumb>
			<property name="id">radio</property>
			<visible>!Skin.HasSetting(HomeMenuNoRadioButton)</visible>
		</item>
		<item> <!-- Music -->
			<label>$LOCALIZE[2]</label>
			<onclick>ActivateWindow(Music,root,return)</onclick>
			<property name="menu_id">$NUMBER[7000]</property>
			<thumb>icons/sidemenu/music.png</thumb>
			<property name="id">music</property>
			<visible>!Skin.HasSetting(HomeMenuNoMusicButton)</visible>
		</item>
		<item> <!-- Music Videos -->
			<label>$LOCALIZE[20389]</label>
			<property name="menu_id">$NUMBER[16000]</property>
			<onclick>ActivateWindow(Videos,musicvideos,return)</onclick>
			<thumb>icons/sidemenu/musicvideos.png</thumb>
			<property name="id">musicvideos</property>
			<visible>!Skin.HasSetting(HomeMenuNoMusicVideoButton)</visible>
		</item>
		<item> <!-- Games -->
			<label>$LOCALIZE[15016]</label>
			<property name="menu_id">$NUMBER[17000]</property>
			<onclick>ActivateWindow(Games)</onclick>
			<thumb>icons/sidemenu/games.png</thumb>
			<property name="id">games</property>
			<visible>System.GetBool(gamesgeneral.enable) + !Skin.HasSetting(HomeMenuNoGamesButton)</visible>
		</item>
		<item> <!-- Addons -->
			<label>$LOCALIZE[24001]</label>
			<property name="menu_id">$NUMBER[8000]</property>
			<onclick>ActivateWindow(1100)</onclick>
			<thumb>icons/sidemenu/addons.png</thumb>
			<property name="id">addons</property>
			<visible>!Skin.HasSetting(HomeMenuNoProgramsButton)</visible>
		</item>
		<item> <!-- Pictures -->
			<label>$LOCALIZE[1]</label>
			<onclick>ActivateWindow(Pictures)</onclick>
			<property name="menu_id">$NUMBER[4000]</property>
			<thumb>icons/sidemenu/pictures.png</thumb>
			<property name="id">pictures</property>
			<visible>!Skin.HasSetting(HomeMenuNoPicturesButton)</visible>
		</item>
		<item> <!-- Videos -->
			<label>$LOCALIZE[3]</label>
			<onclick>ActivateWindow(Videos,root)</onclick>
			<property name="menu_id">$NUMBER[11000]</property>
			<thumb>icons/sidemenu/videos.png</thumb>
			<property name="id">video</property>
			<visible>!Skin.HasSetting(HomeMenuNoVideosButton)</visible>
		</item>
		<item> <!-- Favorites -->
			<label>$LOCALIZE[10134]</label>
			<onclick>ActivateWindow(favourites)</onclick>
			<property name="menu_id">$NUMBER[14000]</property>
			<thumb>icons/sidemenu/favourites.png</thumb>
			<property name="id">favorites</property>
			<visible>!Skin.HasSetting(HomeMenuNoFavButton)</visible>
		</item>
		<item> <!-- Weather -->
			<label>$LOCALIZE[8]</label>
			<onclick condition="!String.IsEmpty(Weather.Plugin)">ActivateWindow(Weather)</onclick>
			<onclick condition="String.IsEmpty(Weather.Plugin)">ReplaceWindow(servicesettings,weather)</onclick>
			<property name="menu_id">$NUMBER[15000]</property>
			<thumb>icons/sidemenu/weather.png</thumb>
			<property name="id">weather</property>
			<visible>!Skin.HasSetting(HomeMenuNoWeatherButton)</visible>
		</item>
	</include>
</includes>
